Line.Number,Barcode.Sequence,Cluster.ID
401,CCTGTAACTATACATCAA,1
945,TATTCAGCAGGATTGATAC,2
685,ACAGAATTAAGAATTGTAT,3
489,ACTCACAAAACTTTATATC,4
477,GCACCTTCATAAGTGCGCC,5
345,ACTCCGATTCACTAAGTGA,6
113,GCTCCCGTCATCCTACACT,7
93,TAGATCTGCTGAGAATGGA,8
69,CAGTTCAAGTGCGGGCGAC,9
993,TCGTACAACGGAGATATAAG,10
989,GTTTCTATAAGTTGAAGCAT,11
985,TCATCTTTCACGTTTGTCGG,12
981,TAATAACGGTGATCAGACCA,13
977,TCTGATACTATCGCGGAGCG,14
973,AACAGGTTAAACGTTCAAAT,15
969,GACTGAGACGGTGCAGGATA,16
961,CCTACTACCTCATGATGGTG,17
953,CGGAAGTGGGCCGAGACGGG,18
949,AGCTATGTGGAATTTGCATT,19
933,TAGAAACAGGACGCCCGAAA,20
921,TAAGCATATCTAGGTGTAAA,21
917,ATGATTACTAAGCACGGGAG,22
913,GTTAATTCGTTTAGAGGGCA,23
909,GGGGATACGAATACCACGGA,24
901,TCTGTAATACCCTAACATTA,25
897,TTTCTGAGCTCATGACTACT,26
893,TCTCAGTCGAGCATCCGTTT,27
889,AGGCTCTGCTCTTCCGTTTT,28
885,TTCTGAGGGTACAGGTGTCT,29
881,ATCCCAGTCGGGCACACGGT,30
873,GGCAAACACAGCAATGATCA,31
869,TTTATGATCACAGATGGCAG,32
861,TACTACCAATAACAGGCTAT,33
865,TCCATGCCCAACTCACTTTA,34
281,TAATGATTCTAGTCGTTACT,35
677,ATCCGAATATGCAAAGTAGG,36
405,GATAATGGTTGACTACTTTA,37
393,GGGTGCTTAGGCGCGGGCGC,38
385,AAAAACATTATGCCTGATCT,39
753,AAATTGTCCGCGACTCGGGT,40
317,GATCCGATAGACGTCGTAAT,41
937,ATACACCTTATACGGCTCAC,42
361,ACAATATACGGCGCTGCCTT,43
941,AGTCTTAGAAGTTGAACGCG,44
353,TGCACTCTGGGTGTAAAAGG,45
733,ACAAATACAAGTGTGAATGG,46
349,GCGTACGATGCTGTTTAAAT,47
249,GTAGGCTTTTTTATTAGTGT,48
337,TGTTTTAGGCGGTGGGCAGG,49
333,TTTAGTACCACGTTCTTCCA,50
365,ATTTTTATTTTCAAGATTAT,51
309,CGTGAAACTGTCGTTTTCTT,52
601,TACCACCATTGCAGAAGTAC,53
305,TATAGTGTACTAAAAGAAAG,54
717,TATCTTCCTTCATTGGCACA,55
425,GGGCACTTTCAAAGGGAGTG,56
77,TTATTCGTCGCATATAACTG,57
777,ATTATCGCAAGGAGGTTGTT,58
285,CATAATTCAACCCATTAAAA,59
257,GCATGCATGGTTTTATCCCT,60
253,GCTAATGATTGAAGGCCTGT,61
849,ATACTGATCTCTGGGGTCGC,62
657,AACATCGTATAAGAACTGAA,63
857,TACCGAATTTCGCATGGGCT,64
417,CTATGAGCTCGGACTAAGGT,65
141,TTAGAAACTCGCAATTTTCT,66
245,TTGTAACTACAAGGTGTTAG,67
845,CTTGGAGTTCAGCTCGAGCT,68
241,ACCCCAACATTTGATCAATA,69
173,ATCATTGCGGAGGGTTACAG,70
589,AACATCCAAGCATGACGAAC,71
509,CAGGTGGTCTTGTATTATAG,72
341,CCTGGATAGGGGGCTCCAGA,73
613,CCTACCCACATGGTCTTTCG,74
641,CCACATCTATGCTCTTTCTA,75
229,TGATGAGATGGGAAGATAGT,76
413,GGTGCCAACCATTCTCGCAA,77
297,AGATACTGTTCAGGCCAGGG,78
157,CTACACACCGCTAAGAAATT,79
381,GTAAGCAGTAAGCATACTGA,80
49,CTGCTTTTGTATCGACGGAA,81
89,CTTTTACAAGGTCTCCGGAC,82
33,ATTACACGTGGGGAGTAAGT,83
813,CCTATCTTTACGAGTTAGGA,84
741,TGATTGAGCTAGCAGTACAT,85
73,TGCGTTTGTATTAAGCGTTG,86
293,CAGGACGATTGGGAGCCCTC,87
289,TAGGCTTTGTAGTGCTCTAG,88
41,CTCGCCATGGAACCCTCGAT,89
801,TCCATAAGGGAGTTCACGGT,90
421,TCACAGTAGCGGGCGGGTGA,91
825,GTTGTCTGGCAAACATATGA,92
205,CTCTTGCTGAACTGCGAACT,93
85,TTTGCGCAGCACCGTTTAAA,94
325,CAGTATAGGAGGGGATTTAT,95
185,AGAAAATATGCTAAATCAGA,96
321,TTCGATTGAGCAGTGCTATT,97
373,TACTGACGAAAACATTAACT,98
25,CAACTGAGCAGATGGTTTAA,99
557,TCTAAGCCGAGTACCAGCTA,100
97,GGTCACCTTGCTATCTCAAT,101
409,TGTTTTTCACTACGAGCGCT,102
525,GAATATGCGACTTCTTCATT,103
669,CTACTCATTAAATTTGGGTG,104
169,TGTCACATTTGAGGATAGTG,105
485,GTTTCTGCTTTGATCGTTGT,106
29,ACGACTAACTGCACCTACAA,107
177,GAATATTAGTATTGTCAAGG,108
45,CTTATCAATAGCGAGGATGG,109
221,ACATGCTCATTAAGTAGAAT,110
721,ATTTACCATGGCATCGGCTG,111
461,AATCCTCAACCACTCGATTA,112
105,TTCTTTGTGCACTGTTGTTG,113
133,AAGGAATTCAAAGTATAAGT,114
1,ACCTTCGGGATCGGGCGGGG,115
109,GTAATCGGAGTTGTTATTCA,116
81,GAGGCACGCAAAACTCATTG,117
265,AGGATCATCTTTGTCATACA,118
957,AATAGGTATTGATCAGATAG,119
493,ACGCATACCTTGGTATACGA,120
853,TTAACACCGTAGAGTCGGCC,121
129,CGTACTGCACGCGTTGAGGA,122
65,TCAGGCTCTAACAAGACACA,123
701,CGAACTTAGGATCATGACGC,124
61,CCGTATCATATGCTGGTTAA,125
53,ACTCATCGACGTTTTCTAAT,126
201,AGCATATCAGGGTATCGGTT,127
197,CAGCAAACGGAAACAGCTAA,128
377,AACGCTGGGCTTTGATAAGG,129
925,CTTCTTCGACTTTGAACCTG,130
137,TGGCCTTTTTGCAAAACAGA,131
389,ACAGCAGCGCCTACTGAAAT,132
369,TGGCAACTAGTTACTGCGTA,133
145,CTTGCATTACTGGAGGGATT,134
237,ACTATACAACGTCACTGATA,135
661,ACGTCCATTGCACATTGGCG,136
149,TTTATTAGATTGAAAATGTT,137
153,CTTTACGCCCTGACTTAGAC,138
541,TTTTAGAGTGGTAAAGTTTA,139
269,TAGAATATAACATCCATTGG,140
37,GTATCCTGAACCGCTGTGTT,141
181,TAATTAAATCTACTGGTTAT,142
161,AAGTCTATCCGTAAGACGGG,143
549,CCGAATAGGTAGCGCGTGAA,144
793,TGGTCTAGGAGTGAAAGGTT,145
213,ACGCCCAATAAAGCATGAGG,146
749,TCGTGTTTTTTTATGAGCAC,147
433,GCGTTGGTTAACTCTCCGTC,148
465,TTCAGCATACGGTGGTGTCA,149
165,CATTGCTTGCGCCATCATTG,150
437,GGGAAGGACGGTTTTTTGGG,151
445,CCGTAATAGAGGAAAGCACT,152
429,AACCGGATGCTTAAATTGGA,153
449,GTCAGTTCCTCAATCTTGAA,154
453,TGCCCGTTTTTGACAGGATA,155
397,CTTATTCCTCCAGTGTGCAC,156
217,CAGCTTTATCCGCGGGATTG,157
633,AGAAATTAGGTAGAACGCCG,158
457,AACCTTCTAGTCTGAATAAA,159
473,TGAAGAGTAATTAGAAGTGA,160
585,AATACCTATGGAAAATCCAC,161
729,GATGACCGTATGCCTACTTA,162
261,ATAATTACGAGCTAGTGGTA,163
501,TCAGCAATGCCGTGTGGTAA,164
597,TCAGCGCCTAAAATTTTTTG,165
505,CGTAGTTCATGAGCCACATG,166
101,CTTCATGCATTCTGCGTAGT,167
513,ATGCTGCCGTGGTAACGGTA,168
629,GCACATGGAGAACTTGGATC,169
517,ATTTATCTTGGATCCGAGGA,170
521,TATCGAAAGTCGTCTTGTAG,171
581,CCAAAAATATGTACTTAGTA,172
233,CGTTTTATGGCTTTAGCTCT,173
529,TTCATTGGTATTCATTGGTA,174
533,ATTGTGCAGTCCCGTTGTTG,175
545,TTAACTACAACCAGACCCTC,176
21,AGTCGTGTAACAGCGTCCAC,177
553,AAGCCGGTTCTTCTGCCTTC,178
189,ACAATAAAAAAACGCTGTAC,179
609,TGACATACGACAGCTGCCCT,180
209,CGCGATTTCATTAGATCATA,181
569,GCACGAGCCCACTTTGCCCC,182
573,TTGGGTAAGTCAACTAAATA,183
537,TAGGGTAGGGGTGAGGGGAG,184
617,TATTAAAGGAGGGTTGGGTA,185
577,ATCAATGACTTTGTAGAAAG,186
929,AAAACTAGAGGTTGCGATGT,187
441,TAGGACTTCTCAGGTTACTG,188
593,TCCCTAAATAATTACTTAAG,189
605,CAGCACGAGTGGGGGACGCA,190
193,TGTGTTGTTGTGATATTCCC,191
329,TGGGACACGCCTGTAAGTAA,192
621,AAGTACCGTCGACAGGGTAT,193
625,ATACTAGTGCTGCTGATTCG,194
637,ATCACTTCTTCATATATAGT,195
357,TCCGGAGGAGGAGGTCGCTG,196
497,AGATTGTGGGCTGTTGTCTG,197
561,AACTACAATATTCTAAGTCA,198
645,TTTGTTCTGCCACGTGTGAT,199
649,CCGATAGTATATGAGACATT,200
665,TGCTGAGTGTGCATGTGGTT,201
673,TTGCAATGAGCATCAACATT,202
125,TTATGCCAAGGTCAGTTTCA,203
681,GCCATATTTTTATGTTGAGA,204
693,GCCAGCAACAATGGTTACGT,205
689,GAGTCAACAGTAACTAGTCA,206
705,ACGGTTCCGCATGTAAAACG,207
737,CCAGGCACTGTATACTAGTT,208
709,TCTATTTGCTGTTTGTCGTA,209
481,ATCGGACACTTTCGACGGTT,210
697,TCACGTAGAAACTTTAGAAT,211
805,ATGCAACAGAGTCGATAAGT,212
713,GATATTATATACCTCTCGAA,213
725,GACGGGTAATCCTGCCCAAT,214
797,CTGTAATTATCGATCCTAGA,215
745,AGAGGAAAGGGAGTTAGGAA,216
997,TTCAAAAGTTCCCAGTGACC,217
757,CCTCGAATAGCACTATTAAG,218
761,TAGTTTGTGTACATACAGTA,219
765,GGAGACTCTAGGGCCTCGTA,220
565,CCTACACATCAAAGCTTATG,221
769,TGAAATTGGATTGGTCACGA,222
965,CGCTGTGTTGAAGAAATGGA,223
277,TTCCTCATTCTGATGACTTA,224
773,AAGGCCGGGTCTGGGTGCTC,225
781,GCCAATAGCCGTCGATCCTG,226
785,GCTGAGTCGCATTGTGTCCC,227
789,GGTTCTTGACACCGATAAAC,228
809,GCCCGCGCGCGGCCAGGGGT,229
301,TTTACTTAGTGTTGTATTAA,230
817,CATAGCTTTCGGATTTGACA,231
821,TCCCTACTTTTGTTCTCTGG,232
273,ACAGGTATGACTGTCATTAC,233
829,ATCTGTGTGGCGGACCCTTC,234
117,CCCTTGTTGGCCAAACGGTT,235
57,ATTATACTTTGGCGATACCA,236
837,CAAGTTTGTTATTTAGATTA,237
833,ATCGGTTAAACCTTACGATG,238
841,TACAGATCATTCGCGGCGTA,239
653,CTGGGGCGGAAGATTGGTGAC,240
13,AAGTCGAATCTAGCATCGCCA,241
469,GTGAGACGTGGCGTTGCGAGCT,242
313,GGTACCGGAAAATAAATAATATCTTC,243
121,GGTACCCACAAGGAAATGGATTAAGA,244
